,Make,Colour,Odometer (KM),Doors,Price
0,Honda,Blue,95820.0,4.0,20611.0
1,Toyota,Blue,124122.0,4.0,16895.0
2,Toyota,White,75794.0,4.0,35435.0
3,Nissan,White,167421.0,4.0,8463.0
4,Toyota,White,18413.0,4.0,6812.0
5,Honda,White,125157.0,4.0,15995.0
6,Toyota,Blue,42867.0,4.0,10451.0
7,BMW,Blue,,5.0,38574.0
8,,Red,129449.0,4.0,11615.0
9,Toyota,White,244009.0,4.0,0.0
10,BMW,White,121493.0,5.0,18230.0
11,Toyota,White,156587.0,4.0,2432.0
12,BMW,Blue,53034.0,5.0,23522.0
13,,Blue,81207.0,4.0,17348.0
14,Toyota,White,180285.0,4.0,7400.0
15,Honda,Blue,215945.0,4.0,0.0
16,Honda,White,154417.0,4.0,6977.0
17,Toyota,White,166851.0,4.0,5455.0
18,Nissan,White,210732.0,4.0,0.0
19,Toyota,Blue,189570.0,4.0,11518.0
20,Toyota,,163626.0,4.0,2461.0
21,Nissan,,85386.0,4.0,27367.0
22,Toyota,Blue,39506.0,4.0,27130.0
23,Honda,Blue,111017.0,4.0,5012.0
24,BMW,Black,95720.0,5.0,21580.0
25,Nissan,Blue,227385.0,4.0,0.0
26,Honda,Red,140826.0,4.0,10890.0
27,Nissan,Blue,67589.0,4.0,17505.0
28,Toyota,White,131114.0,4.0,16879.0
29,Honda,Blue,238754.0,3.0,0.0
30,Honda,Red,162509.0,3.0,2242.0
31,Toyota,Green,214184.0,,0.0
32,Nissan,Blue,112338.0,4.0,18366.0
33,Toyota,Blue,125741.0,4.0,12374.0
34,Honda,Black,118485.0,3.0,12614.0
35,BMW,White,40062.0,4.0,45414.0
36,Honda,Blue,25706.0,4.0,28578.0
37,Honda,Blue,,4.0,13554.0
38,Honda,White,28766.0,4.0,20434.0
39,Toyota,White,244791.0,4.0,0.0
40,,White,197851.0,4.0,6976.0
41,Toyota,White,39062.0,4.0,17158.0
42,Toyota,Red,169133.0,4.0,6085.0
43,Toyota,White,189526.0,4.0,9931.0
44,Honda,White,92071.0,4.0,12748.0
45,Toyota,White,157101.0,4.0,11531.0
46,Honda,Green,111481.0,4.0,14978.0
47,Toyota,White,123570.0,,17098.0
48,Nissan,Black,33187.0,4.0,22075.0
49,Honda,Red,88051.0,4.0,9123.0
50,Toyota,White,204781.0,4.0,0.0
51,Toyota,Green,42408.0,,17866.0
52,Honda,Blue,148055.0,4.0,14797.0
53,Toyota,Black,210477.0,4.0,0.0
54,,Black,112538.0,4.0,15846.0
55,Toyota,White,72209.0,4.0,17897.0
56,Toyota,White,33210.0,4.0,11065.0
57,Toyota,Green,133844.0,4.0,16150.0
58,Honda,,35873.0,3.0,23599.0
59,Nissan,Red,25576.0,4.0,21486.0
60,Toyota,White,69605.0,4.0,14522.0
61,Nissan,Green,44344.0,4.0,16185.0
62,Toyota,Blue,211708.0,4.0,0.0
63,Nissan,White,75334.0,4.0,26320.0
64,Honda,White,136806.0,4.0,11682.0
65,Honda,Blue,72359.0,4.0,21640.0
66,Honda,White,198778.0,3.0,9425.0
67,Nissan,White,22686.0,4.0,29527.0
68,Toyota,Blue,239133.0,4.0,0.0
69,Honda,Blue,225750.0,4.0,0.0
70,Honda,Red,36599.0,4.0,10540.0
71,Toyota,,145130.0,4.0,17947.0
72,Nissan,White,,4.0,0.0
73,,Blue,38240.0,4.0,5525.0
74,Toyota,White,248874.0,4.0,0.0
75,Honda,Black,160457.0,,3261.0
76,Toyota,Black,90592.0,4.0,21931.0
77,,Green,101414.0,4.0,19963.0
78,Honda,White,33795.0,4.0,17509.0
79,BMW,Green,112234.0,5.0,32790.0
80,Honda,Red,138528.0,4.0,14541.0
81,Toyota,Black,132618.0,4.0,17983.0
82,BMW,White,27112.0,5.0,22046.0
83,BMW,White,141072.0,5.0,24192.0
84,Honda,White,133078.0,3.0,14158.0
85,Honda,Blue,13588.0,4.0,9643.0
86,Honda,Blue,,4.0,17100.0
87,Honda,,169192.0,4.0,3131.0
88,Toyota,White,217744.0,,0.0
89,,Blue,61474.0,4.0,26314.0
90,Toyota,White,156218.0,4.0,3965.0
91,Honda,Black,76751.0,4.0,10541.0
92,BMW,White,203572.0,5.0,4805.0
93,Toyota,Green,101281.0,4.0,4378.0
94,Toyota,Red,134486.0,4.0,8401.0
95,Toyota,Blue,240991.0,4.0,0.0
96,Honda,Blue,117925.0,4.0,7918.0
97,BMW,Blue,225560.0,5.0,7558.0
98,Nissan,White,158002.0,4.0,8073.0
99,Honda,,130751.0,3.0,12156.0
100,Honda,White,186000.0,4.0,9159.0
101,Toyota,Blue,117586.0,4.0,14777.0
102,Toyota,,131146.0,,16630.0
103,Toyota,Blue,163842.0,4.0,11182.0
104,Nissan,Blue,107824.0,4.0,3324.0
105,Honda,Black,204457.0,4.0,0.0
106,Nissan,,109702.0,4.0,3428.0
107,Toyota,Blue,86280.0,4.0,23093.0
108,Honda,Blue,85578.0,4.0,6285.0
109,Toyota,Blue,191980.0,4.0,5435.0
110,Honda,Blue,74542.0,3.0,19509.0
111,Toyota,White,100150.0,4.0,5726.0
112,Toyota,Blue,130945.0,4.0,8818.0
113,Honda,Blue,19140.0,4.0,18478.0
114,Nissan,Black,242060.0,4.0,0.0
115,Toyota,Red,206024.0,4.0,0.0
116,BMW,Green,227213.0,5.0,7892.0
117,Toyota,White,234669.0,4.0,0.0
118,Toyota,Green,89228.0,4.0,10920.0
119,Toyota,Blue,158869.0,4.0,
120,Nissan,Blue,148112.0,4.0,17927.0
121,Toyota,,134968.0,,19085.0
122,,Blue,11087.0,4.0,21037.0
123,,Blue,98014.0,5.0,44505.0
124,Nissan,Blue,237282.0,,0.0
125,,White,18196.0,4.0,32744.0
126,Honda,Green,185733.0,4.0,5239.0
127,Toyota,Blue,217668.0,4.0,0.0
128,Nissan,Blue,14054.0,4.0,25379.0
129,Honda,Blue,,4.0,25568.0
130,BMW,,241916.0,5.0,8127.0
131,Honda,Blue,163070.0,4.0,3605.0
132,Honda,Blue,22567.0,4.0,20645.0
133,BMW,Black,206401.0,5.0,4706.0
134,Toyota,Red,51655.0,4.0,20812.0
135,Honda,White,46993.0,4.0,20004.0
136,Toyota,White,185013.0,4.0,10423.0
137,Toyota,White,131733.0,4.0,16685.0
138,Honda,Blue,13596.0,4.0,7006.0
139,Toyota,Green,37111.0,4.0,17704.0
140,Honda,White,74116.0,4.0,10639.0
141,Nissan,White,,4.0,8547.0
142,Honda,White,56195.0,4.0,14832.0
143,Nissan,Red,127278.0,4.0,3097.0
144,Honda,White,,3.0,16768.0
145,Nissan,Red,232683.0,4.0,0.0
146,Toyota,Blue,34599.0,4.0,25026.0
147,Toyota,Blue,128349.0,4.0,3790.0
148,Honda,Green,45737.0,4.0,9884.0
149,Honda,White,49816.0,4.0,27049.0
150,Nissan,White,205199.0,4.0,0.0
151,Toyota,White,133566.0,4.0,16546.0
152,Toyota,Black,167292.0,4.0,
153,BMW,Blue,51874.0,5.0,48473.0
154,Nissan,Blue,112316.0,4.0,5258.0
155,BMW,Green,40578.0,5.0,48400.0
156,,White,19735.0,3.0,20847.0
157,Honda,Blue,14182.0,4.0,22929.0
158,Nissan,Blue,201132.0,4.0,0.0
159,BMW,Black,25360.0,5.0,49540.0
160,Honda,,26603.0,3.0,9378.0
161,Honda,White,118080.0,3.0,3327.0
162,Toyota,White,233418.0,4.0,0.0
163,Nissan,White,216646.0,4.0,0.0
164,BMW,Blue,234399.0,5.0,9728.0
165,Honda,White,29666.0,3.0,23670.0
166,BMW,Blue,179215.0,4.0,9666.0
167,Nissan,Blue,216793.0,4.0,0.0
168,Nissan,White,208153.0,,0.0
169,Toyota,White,215674.0,4.0,0.0
170,Toyota,White,133239.0,4.0,15041.0
171,Nissan,Blue,127450.0,4.0,
172,Toyota,White,51241.0,4.0,13504.0
173,Toyota,Black,149112.0,4.0,6905.0
174,Nissan,Blue,187750.0,4.0,8054.0
175,Nissan,Black,102545.0,4.0,6644.0
176,Nissan,Red,132164.0,4.0,
177,BMW,Red,204322.0,4.0,9441.0
178,Honda,White,,4.0,25980.0
179,Honda,Blue,72497.0,4.0,18556.0
180,Toyota,Blue,176254.0,4.0,2249.0
181,Honda,White,97174.0,4.0,14721.0
182,Nissan,Blue,196212.0,4.0,2896.0
183,Honda,Red,242059.0,4.0,0.0
184,Honda,Blue,46062.0,3.0,29009.0
185,Toyota,White,170663.0,4.0,8441.0
186,Honda,Red,176084.0,4.0,4593.0
187,Toyota,White,26913.0,4.0,8507.0
188,Toyota,White,171539.0,4.0,3376.0
189,Nissan,,148218.0,4.0,5127.0
190,BMW,White,139472.0,4.0,18157.0
191,Nissan,,215056.0,4.0,0.0
192,Toyota,Red,74638.0,4.0,20429.0
193,Toyota,Green,141604.0,4.0,6938.0
194,Toyota,White,161920.0,4.0,8713.0
195,Nissan,Green,214124.0,,0.0
196,Honda,Black,129194.0,4.0,15405.0
197,Toyota,White,86307.0,4.0,34188.0
198,Toyota,Blue,213115.0,4.0,0.0
199,Toyota,Green,231924.0,4.0,0.0
200,,Blue,227032.0,4.0,0.0
201,Toyota,Red,110214.0,4.0,8682.0
202,Toyota,Blue,170106.0,4.0,6042.0
203,Toyota,Green,247830.0,4.0,0.0
204,Nissan,White,127089.0,4.0,13483.0
205,BMW,White,216952.0,5.0,8198.0
206,Toyota,Red,215985.0,4.0,0.0
207,Toyota,Blue,55570.0,4.0,18134.0
208,Honda,Red,54453.0,4.0,15451.0
209,Toyota,Blue,,4.0,7518.0
210,Nissan,White,205027.0,4.0,0.0
211,Toyota,White,166441.0,,11093.0
212,Honda,Blue,75901.0,4.0,11469.0
213,Honda,White,148892.0,4.0,14126.0
214,BMW,,133554.0,5.0,12232.0
215,Toyota,Red,,4.0,0.0
216,Nissan,White,169572.0,4.0,5919.0
217,Toyota,Red,35117.0,4.0,24833.0
218,Toyota,Blue,230918.0,4.0,0.0
219,Nissan,Blue,62582.0,4.0,31221.0
220,BMW,White,67438.0,5.0,24202.0
221,Honda,Red,157662.0,4.0,4676.0
222,Nissan,White,182025.0,4.0,7796.0
223,Nissan,Blue,196876.0,4.0,3907.0
224,Toyota,Blue,111800.0,4.0,5458.0
225,Honda,White,245299.0,4.0,0.0
226,Toyota,Black,246767.0,4.0,0.0
227,Nissan,White,171860.0,4.0,3753.0
228,Honda,Red,105382.0,4.0,15465.0
229,Nissan,White,168912.0,4.0,11804.0
230,Nissan,White,90220.0,4.0,17525.0
231,Toyota,White,94490.0,4.0,34448.0
232,Nissan,Black,123813.0,4.0,10820.0
233,Honda,Blue,241284.0,3.0,0.0
234,Toyota,White,192665.0,4.0,11030.0
235,BMW,Black,,5.0,50781.0
236,Toyota,White,141695.0,4.0,15779.0
237,Toyota,Blue,93738.0,4.0,35743.0
238,Honda,Black,230093.0,,0.0
239,,White,236164.0,3.0,0.0
240,Toyota,White,24355.0,4.0,32509.0
241,Toyota,White,238996.0,4.0,0.0
242,BMW,White,188481.0,5.0,18462.0
243,Honda,Red,50780.0,4.0,14148.0
244,Honda,White,63016.0,4.0,17391.0
245,Nissan,White,76820.0,4.0,10498.0
246,Toyota,Black,71595.0,4.0,9967.0
247,Nissan,Blue,242555.0,4.0,0.0
248,Honda,Green,217478.0,4.0,0.0
249,Toyota,White,211950.0,4.0,
250,Honda,White,188047.0,3.0,3020.0
251,Honda,White,137952.0,4.0,8684.0
252,Honda,,,4.0,19244.0
253,Toyota,Blue,36720.0,4.0,7888.0
254,Honda,White,,4.0,23111.0
255,Toyota,Blue,212179.0,,0.0
256,,Red,175829.0,4.0,
257,BMW,Red,235056.0,4.0,5745.0
258,Toyota,Blue,140749.0,4.0,
259,Toyota,Blue,114481.0,4.0,4984.0
260,Nissan,Red,218812.0,4.0,0.0
261,Honda,Red,41831.0,3.0,8207.0
262,Nissan,Blue,199777.0,4.0,3656.0
263,Honda,Blue,78956.0,,10792.0
264,Honda,Blue,100648.0,4.0,2849.0
265,,Blue,31365.0,4.0,22753.0
266,Nissan,White,194356.0,4.0,3721.0
267,Toyota,White,154611.0,4.0,8706.0
268,BMW,Black,184525.0,5.0,18314.0
269,BMW,White,84050.0,5.0,36155.0
270,Toyota,,22987.0,4.0,26896.0
271,Honda,Blue,175261.0,4.0,9070.0
272,Honda,White,118797.0,4.0,6728.0
273,Toyota,Blue,184871.0,4.0,5725.0
274,Toyota,White,21067.0,4.0,30704.0
275,Toyota,White,62308.0,4.0,23756.0
276,Toyota,,,4.0,13694.0
277,Toyota,Blue,222519.0,4.0,0.0
278,Toyota,White,74694.0,4.0,31024.0
279,Toyota,Blue,148478.0,4.0,9451.0
280,BMW,Green,236623.0,4.0,6059.0
281,Toyota,Blue,,4.0,28906.0
282,Toyota,Blue,121075.0,4.0,17580.0
283,Toyota,Green,124240.0,4.0,4660.0
284,Honda,Blue,177642.0,4.0,9084.0
285,Toyota,Blue,56138.0,4.0,14688.0
286,Nissan,Blue,32160.0,4.0,30713.0
287,Nissan,Blue,166338.0,,10414.0
288,Nissan,White,129363.0,4.0,15962.0
289,Toyota,White,96397.0,4.0,31984.0
290,Honda,White,233763.0,3.0,0.0
291,Toyota,Green,230434.0,4.0,0.0
292,Toyota,Blue,199382.0,4.0,10504.0
293,Honda,Blue,148123.0,4.0,3314.0
294,Nissan,Blue,211502.0,4.0,0.0
295,Nissan,Blue,188245.0,4.0,11094.0
296,Honda,White,88696.0,4.0,26694.0
297,Honda,Green,23239.0,4.0,18313.0
298,BMW,White,187968.0,5.0,23740.0
299,Toyota,Blue,129795.0,,17245.0
300,Nissan,Blue,238544.0,4.0,0.0
301,Toyota,Blue,138026.0,4.0,4697.0
302,BMW,Black,47236.0,,12742.0
303,Honda,White,168511.0,4.0,5120.0
304,Honda,Black,78206.0,4.0,20598.0
305,Toyota,White,14278.0,4.0,7901.0
306,Toyota,Blue,141833.0,4.0,13980.0
307,Toyota,White,237852.0,4.0,0.0
308,Toyota,,32450.0,4.0,30392.0
309,Nissan,Red,159686.0,4.0,9532.0
310,Nissan,White,220465.0,4.0,0.0
311,Toyota,Blue,126015.0,4.0,4328.0
312,Toyota,White,179472.0,4.0,12835.0
313,Honda,,,4.0,14575.0
314,Honda,White,229064.0,3.0,0.0
315,Honda,White,160439.0,4.0,4552.0
316,Toyota,Green,,4.0,
317,BMW,Black,243930.0,5.0,6220.0
318,Toyota,White,52132.0,4.0,17293.0
319,Toyota,Black,,4.0,10000.0
320,,Blue,197633.0,4.0,3050.0
321,Honda,Blue,198575.0,4.0,10511.0
322,Toyota,White,45272.0,4.0,26671.0
323,BMW,Black,120781.0,,22810.0
324,Honda,Blue,195280.0,4.0,5435.0
325,Honda,Black,191862.0,,2204.0
326,Honda,Blue,13844.0,3.0,10239.0
327,Toyota,Black,82619.0,4.0,12488.0
328,Honda,Blue,42745.0,3.0,20130.0
329,Honda,Green,197952.0,4.0,8377.0
330,Toyota,,94045.0,4.0,30377.0
331,Toyota,Blue,54278.0,4.0,21107.0
332,Honda,Black,136232.0,4.0,11239.0
333,Honda,Red,157176.0,4.0,7003.0
334,Honda,Black,38230.0,3.0,14120.0
335,BMW,Black,44992.0,4.0,
336,Toyota,White,77541.0,4.0,18744.0
337,Nissan,White,229012.0,4.0,
338,Nissan,Blue,241397.0,4.0,0.0
339,Nissan,White,244692.0,4.0,0.0
340,Honda,White,179785.0,4.0,10718.0
341,Toyota,Blue,38757.0,4.0,15774.0
342,,Blue,119710.0,5.0,8623.0
343,Honda,,76535.0,4.0,27237.0
344,,Black,171176.0,4.0,2854.0
345,Nissan,Black,205933.0,4.0,0.0
346,Toyota,White,131700.0,4.0,8812.0
347,Honda,Red,30468.0,4.0,18831.0
348,Toyota,White,118172.0,4.0,11976.0
349,Honda,White,197936.0,3.0,3634.0
350,Toyota,Red,117342.0,4.0,18256.0
351,BMW,White,124581.0,,11622.0
352,Honda,Blue,249974.0,4.0,0.0
353,Toyota,White,19978.0,4.0,7351.0
354,BMW,Green,208768.0,4.0,6512.0
355,Toyota,Blue,25291.0,4.0,30623.0
356,,White,97714.0,4.0,25713.0
357,BMW,Blue,,5.0,37070.0
358,Toyota,White,27470.0,4.0,12017.0
359,Toyota,Red,70685.0,,23849.0
360,Nissan,Blue,246170.0,,0.0
361,Toyota,Green,33797.0,4.0,31849.0
362,Honda,Blue,230062.0,4.0,0.0
363,,Black,170287.0,4.0,6544.0
364,Toyota,Black,124708.0,4.0,10967.0
365,Honda,Blue,75999.0,4.0,11256.0
366,Honda,Blue,190604.0,4.0,9590.0
367,BMW,Green,236347.0,4.0,6950.0
368,Nissan,Red,155086.0,4.0,2885.0
369,,White,44647.0,4.0,31835.0
370,Toyota,White,145139.0,4.0,11674.0
371,,Blue,72058.0,4.0,30709.0
372,Honda,,174190.0,4.0,7768.0
373,Honda,White,93775.0,3.0,7688.0
374,Nissan,Red,223113.0,4.0,0.0
375,Toyota,White,83125.0,4.0,24263.0
376,Toyota,White,103927.0,4.0,12676.0
377,Honda,Blue,53545.0,4.0,15183.0
378,Nissan,Blue,221912.0,4.0,0.0
379,Toyota,White,44543.0,4.0,
380,BMW,Green,92613.0,4.0,27197.0
381,Honda,Blue,172222.0,4.0,5539.0
382,,White,108303.0,4.0,7905.0
383,Nissan,White,244470.0,4.0,0.0
384,BMW,White,136217.0,5.0,18698.0
385,BMW,,139771.0,5.0,28837.0
386,Nissan,Red,225739.0,4.0,0.0
387,Honda,White,231702.0,3.0,0.0
388,Toyota,Blue,198907.0,4.0,12464.0
389,Toyota,Blue,165141.0,4.0,2810.0
390,Honda,Green,,4.0,7877.0
391,Toyota,White,115206.0,4.0,18322.0
392,BMW,Blue,34026.0,4.0,27142.0
393,Honda,Green,,4.0,0.0
394,Toyota,White,248411.0,4.0,0.0
395,,Green,99852.0,4.0,18806.0
396,Nissan,White,146724.0,4.0,3631.0
397,Toyota,White,63978.0,4.0,7176.0
398,Toyota,White,,4.0,
399,Toyota,White,230657.0,4.0,0.0
400,Toyota,White,182717.0,4.0,7104.0
401,Toyota,White,25117.0,4.0,12743.0
402,Toyota,Blue,42714.0,4.0,11182.0
403,Toyota,White,109792.0,4.0,18650.0
404,BMW,Green,105638.0,,15869.0
405,BMW,Black,51864.0,5.0,43864.0
406,Honda,Black,166481.0,4.0,3292.0
407,Toyota,White,45131.0,4.0,32534.0
408,Toyota,Red,218928.0,4.0,0.0
409,,Blue,34848.0,4.0,8234.0
410,Toyota,White,167936.0,4.0,10928.0
411,Honda,Blue,99841.0,4.0,22212.0
412,Honda,White,104459.0,3.0,15351.0
413,Toyota,,249385.0,4.0,
414,Toyota,White,144719.0,4.0,8054.0
415,Toyota,White,113466.0,4.0,11244.0
416,Toyota,Blue,92222.0,4.0,34745.0
417,Nissan,Blue,206849.0,4.0,0.0
418,Honda,Green,60608.0,4.0,8794.0
419,Toyota,White,225401.0,4.0,0.0
420,,White,79199.0,4.0,13729.0
421,Toyota,Blue,139850.0,4.0,3956.0
422,Honda,White,148085.0,4.0,
423,Honda,Green,43121.0,4.0,
424,Honda,Blue,94099.0,4.0,25818.0
425,Toyota,Blue,168265.0,4.0,3863.0
426,Honda,White,29022.0,4.0,8513.0
427,Honda,Blue,202645.0,3.0,0.0
428,Honda,Green,72591.0,4.0,13572.0
429,Toyota,Blue,120701.0,4.0,5971.0
430,Nissan,White,126659.0,4.0,4739.0
431,Honda,White,93186.0,4.0,20620.0
432,Honda,White,249234.0,4.0,0.0
433,BMW,White,77255.0,,29262.0
434,Honda,White,229199.0,4.0,0.0
435,Toyota,,166280.0,4.0,12206.0
436,Honda,White,210364.0,3.0,0.0
437,Toyota,White,222102.0,4.0,0.0
438,Honda,White,245618.0,4.0,0.0
439,Toyota,White,73655.0,4.0,20214.0
440,Toyota,White,109543.0,4.0,10159.0
441,Toyota,White,236941.0,4.0,0.0
442,Nissan,Blue,203548.0,4.0,0.0
443,Toyota,Black,14843.0,4.0,27659.0
444,Toyota,Black,138562.0,4.0,10518.0
445,Nissan,Green,33195.0,4.0,5737.0
446,Honda,Blue,17246.0,4.0,9250.0
447,BMW,White,129721.0,5.0,20201.0
448,Toyota,White,100653.0,4.0,10906.0
449,Nissan,Blue,202764.0,4.0,0.0
450,Honda,Blue,144370.0,,5611.0
451,Honda,Blue,240206.0,4.0,0.0
452,Honda,White,106059.0,3.0,6524.0
453,,Blue,196895.0,4.0,3430.0
454,Toyota,White,112808.0,,9492.0
455,Toyota,White,26034.0,4.0,17641.0
456,Honda,White,150460.0,3.0,6475.0
457,Toyota,Black,239965.0,4.0,0.0
458,Nissan,,51841.0,4.0,18246.0
459,Toyota,,227975.0,4.0,0.0
460,Honda,Blue,238119.0,4.0,0.0
461,Honda,White,105096.0,3.0,8826.0
462,Toyota,Blue,31560.0,4.0,16060.0
463,Nissan,Black,155507.0,4.0,3130.0
464,Nissan,White,104144.0,4.0,16792.0
465,Nissan,Blue,146418.0,4.0,17257.0
466,Honda,,232236.0,,0.0
467,Nissan,White,88776.0,4.0,31794.0
468,Honda,Blue,,4.0,24665.0
469,Honda,White,141635.0,4.0,14722.0
470,Nissan,White,219548.0,4.0,0.0
471,Toyota,Green,194754.0,4.0,2723.0
472,Toyota,White,104877.0,4.0,11501.0
473,Toyota,Green,41448.0,4.0,31517.0
474,Nissan,,75001.0,4.0,
475,Toyota,,185430.0,4.0,5420.0
476,Nissan,White,118433.0,4.0,17930.0
477,Toyota,White,91786.0,4.0,17670.0
478,Toyota,White,,4.0,9328.0
479,Nissan,Red,175339.0,4.0,5873.0
480,Toyota,White,200018.0,4.0,
481,Toyota,Red,115271.0,4.0,9838.0
482,Toyota,Green,14000.0,4.0,11365.0
483,Honda,Blue,112056.0,4.0,3536.0
484,BMW,Blue,43757.0,5.0,21446.0
485,BMW,White,176508.0,5.0,21950.0
486,Nissan,White,116330.0,4.0,5155.0
487,Toyota,White,17200.0,4.0,33304.0
488,Toyota,White,200000.0,4.0,5410.0
489,Toyota,White,180375.0,4.0,3520.0
490,,White,,4.0,24019.0
491,Honda,,249206.0,4.0,0.0
492,Toyota,Blue,13975.0,4.0,14140.0
493,Toyota,White,163042.0,,5026.0
494,Nissan,White,120550.0,4.0,13862.0
495,Honda,Red,220734.0,3.0,0.0
496,,Green,55886.0,3.0,27412.0
497,BMW,Green,155755.0,5.0,17878.0
498,Toyota,Blue,248982.0,4.0,0.0
499,Honda,White,245241.0,4.0,0.0
500,Nissan,Red,216517.0,4.0,0.0
501,Toyota,White,129932.0,4.0,5422.0
502,,Red,116548.0,4.0,3864.0
503,Toyota,White,,4.0,6634.0
504,Toyota,White,72268.0,4.0,
505,Toyota,White,65064.0,4.0,34123.0
506,BMW,Blue,52108.0,5.0,23761.0
507,Toyota,Blue,14044.0,4.0,
508,Toyota,Blue,,4.0,0.0
509,Honda,White,193398.0,4.0,3677.0
510,Nissan,,215741.0,4.0,0.0
511,Nissan,Blue,15591.0,4.0,23630.0
512,Honda,Black,169493.0,4.0,5710.0
513,Toyota,Blue,,4.0,27282.0
514,Toyota,Blue,242467.0,4.0,0.0
515,Toyota,White,177232.0,4.0,7986.0
516,Toyota,Red,146823.0,4.0,12479.0
517,Nissan,Blue,33079.0,4.0,10761.0
518,Nissan,White,73629.0,4.0,31551.0
519,Honda,White,173386.0,3.0,
520,Nissan,Blue,29982.0,4.0,24521.0
521,Honda,Black,219409.0,4.0,0.0
522,Toyota,Red,202285.0,4.0,0.0
523,Nissan,Blue,224191.0,4.0,0.0
524,Toyota,White,191616.0,4.0,8683.0
525,Toyota,Blue,55411.0,4.0,19748.0
526,Toyota,Blue,15782.0,4.0,21566.0
527,,Blue,101003.0,,4546.0
528,,White,90847.0,4.0,32138.0
529,Nissan,White,114753.0,4.0,6124.0
530,Nissan,White,221313.0,4.0,0.0
531,Toyota,White,31111.0,4.0,17507.0
532,Honda,White,137952.0,4.0,14042.0
533,Toyota,Red,214221.0,4.0,0.0
534,Honda,White,,,3878.0
535,BMW,Black,29932.0,5.0,25717.0
536,BMW,White,72668.0,5.0,34258.0
537,Honda,Red,150130.0,4.0,4337.0
538,Nissan,Blue,133317.0,4.0,
539,BMW,Black,236710.0,5.0,5867.0
540,Nissan,White,57371.0,4.0,16044.0
541,Honda,Red,51609.0,4.0,27048.0
542,Toyota,White,19696.0,4.0,9356.0
543,Honda,Blue,175129.0,4.0,3952.0
544,Honda,Green,44908.0,3.0,19014.0
545,,White,235635.0,,
546,Toyota,White,231674.0,4.0,0.0
547,BMW,Red,226081.0,5.0,9170.0
548,Honda,Blue,174454.0,4.0,8940.0
549,Toyota,White,35897.0,4.0,35500.0
550,Toyota,Blue,10759.0,,19415.0
551,Honda,Black,172812.0,4.0,2658.0
552,Toyota,Black,102150.0,4.0,12136.0
553,Honda,White,63960.0,4.0,7677.0
554,Toyota,White,149166.0,4.0,12962.0
555,Nissan,Black,85842.0,4.0,23807.0
556,Honda,Blue,133885.0,4.0,10448.0
557,Toyota,Blue,44299.0,4.0,14000.0
558,Toyota,White,25245.0,4.0,28826.0
559,BMW,White,89037.0,5.0,32614.0
560,BMW,,233004.0,5.0,8568.0
561,Toyota,Green,69036.0,4.0,29494.0
562,Toyota,Green,,4.0,14648.0
563,Toyota,Blue,81276.0,4.0,17437.0
564,Honda,White,59715.0,,12391.0
565,Toyota,White,167988.0,4.0,3558.0
566,BMW,Blue,34165.0,4.0,50794.0
567,Honda,Blue,122528.0,4.0,6830.0
568,Toyota,Red,18782.0,4.0,24787.0
569,Nissan,White,154633.0,4.0,4556.0
570,Nissan,Red,106587.0,,16052.0
571,BMW,Blue,240966.0,5.0,5739.0
572,Honda,Red,179230.0,4.0,6105.0
573,Nissan,Blue,10973.0,4.0,25143.0
574,,White,201797.0,4.0,0.0
575,Toyota,Blue,211883.0,4.0,0.0
576,Honda,White,25456.0,4.0,21358.0
577,Honda,White,208263.0,4.0,0.0
578,Honda,White,247895.0,3.0,0.0
579,Honda,Blue,227778.0,3.0,0.0
580,Toyota,Black,,4.0,11251.0
581,Toyota,Blue,58487.0,4.0,
582,Toyota,Blue,203182.0,4.0,0.0
583,Toyota,White,,4.0,6896.0
584,Nissan,Red,37132.0,,23400.0
585,Nissan,White,100536.0,4.0,12285.0
586,BMW,White,147815.0,5.0,15173.0
587,Toyota,White,145004.0,,5664.0
588,Honda,Blue,18607.0,4.0,9996.0
589,Toyota,Blue,101494.0,4.0,4133.0
590,Honda,White,187875.0,4.0,2694.0
591,Honda,Blue,192152.0,4.0,2344.0
592,Honda,White,218795.0,,0.0
593,Toyota,White,55823.0,4.0,22696.0
594,Honda,White,55194.0,4.0,29175.0
595,Toyota,Green,29111.0,4.0,26953.0
596,BMW,White,37278.0,4.0,52628.0
597,Toyota,Blue,12881.0,4.0,21563.0
598,Honda,Blue,60371.0,3.0,12420.0
599,Honda,Blue,241437.0,3.0,0.0
600,Honda,White,38679.0,4.0,8976.0
601,Honda,Blue,94044.0,4.0,14768.0
602,Toyota,White,114291.0,4.0,16718.0
603,Honda,Blue,110182.0,4.0,4398.0
604,Toyota,White,125033.0,4.0,19176.0
605,Honda,White,248532.0,4.0,
606,Nissan,Black,84639.0,4.0,18060.0
607,Toyota,White,236834.0,,0.0
608,Toyota,White,184436.0,4.0,3832.0
609,Nissan,Black,85315.0,4.0,
610,Nissan,Blue,213732.0,4.0,0.0
611,Honda,Blue,105674.0,4.0,10162.0
612,Honda,Blue,152904.0,4.0,4769.0
613,Honda,Red,141686.0,4.0,7570.0
614,Nissan,,236974.0,4.0,0.0
615,Nissan,White,126718.0,4.0,16073.0
616,Honda,White,25211.0,4.0,8400.0
617,Honda,White,203532.0,4.0,0.0
618,BMW,Black,111934.0,4.0,
619,Nissan,Red,73428.0,4.0,11069.0
620,Nissan,Red,200129.0,4.0,0.0
621,Toyota,Black,240715.0,4.0,0.0
622,Toyota,Black,172439.0,4.0,
623,Toyota,Blue,123636.0,4.0,19493.0
624,Nissan,Red,94373.0,4.0,5723.0
625,Toyota,White,84714.0,4.0,7987.0
626,Toyota,Black,188820.0,4.0,5393.0
627,Toyota,White,62345.0,4.0,8764.0
628,Toyota,Green,163211.0,,12031.0
629,Nissan,Red,244082.0,4.0,0.0
630,Toyota,White,116206.0,4.0,12361.0
631,Toyota,White,202961.0,4.0,0.0
632,Nissan,Blue,16338.0,4.0,16083.0
633,Toyota,White,12444.0,4.0,7715.0
634,Toyota,White,104168.0,4.0,12121.0
635,Toyota,White,161157.0,4.0,3725.0
636,Toyota,Red,155409.0,4.0,5680.0
637,Honda,White,94654.0,4.0,23313.0
638,Honda,Blue,72806.0,3.0,8750.0
639,Nissan,White,170729.0,4.0,4035.0
640,Honda,Blue,205440.0,4.0,0.0
641,Honda,Blue,242785.0,3.0,
642,Honda,Black,134734.0,4.0,15739.0
643,Honda,White,195625.0,4.0,
644,Honda,Green,144057.0,4.0,8854.0
645,Honda,Blue,,4.0,0.0
646,Toyota,Black,168295.0,4.0,2449.0
647,Toyota,Blue,66450.0,4.0,25120.0
648,Toyota,White,159599.0,4.0,6826.0
649,Honda,Blue,241706.0,3.0,0.0
650,BMW,Blue,10215.0,4.0,
651,Toyota,Blue,46958.0,4.0,25432.0
652,,Red,52504.0,4.0,32127.0
653,,Blue,165169.0,4.0,9396.0
654,Honda,White,213132.0,4.0,0.0
655,BMW,Blue,168500.0,5.0,14416.0
656,Nissan,White,71282.0,4.0,18993.0
657,Nissan,Black,141662.0,4.0,14813.0
658,Nissan,Black,35950.0,4.0,13592.0
659,Toyota,Blue,163979.0,4.0,
660,Toyota,Red,36689.0,4.0,
661,Honda,,23676.0,4.0,13510.0
662,Honda,White,126890.0,4.0,
663,BMW,,27936.0,4.0,42237.0
664,Honda,Blue,138207.0,4.0,
665,Nissan,Blue,99724.0,4.0,21958.0
666,BMW,Green,175291.0,5.0,7070.0
667,Nissan,White,205343.0,4.0,0.0
668,Honda,White,,4.0,2360.0
669,Nissan,Blue,181311.0,4.0,6233.0
670,,White,208859.0,4.0,0.0
671,Honda,White,193669.0,4.0,4019.0
672,Honda,Red,158805.0,4.0,5089.0
673,Honda,White,64298.0,4.0,25824.0
674,Toyota,White,242277.0,,0.0
675,Toyota,Blue,21251.0,4.0,32026.0
676,Honda,Blue,237956.0,4.0,0.0
677,Honda,Green,106554.0,4.0,16433.0
678,Honda,White,64042.0,4.0,9970.0
679,BMW,White,205176.0,,4216.0
680,Nissan,Black,197075.0,4.0,3607.0
681,Toyota,,192050.0,4.0,
682,Nissan,Blue,39588.0,4.0,30603.0
683,Nissan,Blue,178280.0,4.0,11580.0
684,Toyota,White,188867.0,4.0,12390.0
685,Honda,Blue,94746.0,4.0,12165.0
686,Honda,,82447.0,3.0,13452.0
687,Honda,Blue,61791.0,4.0,19019.0
688,Toyota,White,184989.0,4.0,7824.0
689,,White,176189.0,4.0,6062.0
690,Toyota,Red,185349.0,4.0,7130.0
691,,Blue,166177.0,4.0,3721.0
692,Toyota,Blue,126394.0,4.0,10277.0
693,Toyota,Red,194658.0,4.0,7310.0
694,Nissan,Blue,125133.0,4.0,14786.0
695,Honda,White,192423.0,4.0,5057.0
696,Toyota,Green,136650.0,4.0,16261.0
697,Nissan,White,39870.0,4.0,18335.0
698,BMW,Black,98061.0,4.0,21463.0
699,Honda,,108805.0,4.0,16264.0
700,Toyota,,197700.0,4.0,9468.0
701,Honda,Blue,23287.0,4.0,20056.0
702,Toyota,Blue,114608.0,4.0,12205.0
703,Nissan,White,165951.0,4.0,3034.0
704,Toyota,White,150652.0,4.0,9416.0
705,BMW,White,138103.0,5.0,11134.0
706,Nissan,White,127687.0,4.0,15224.0
707,Honda,Blue,167854.0,4.0,4516.0
708,Toyota,Blue,216711.0,,0.0
709,Honda,Black,37851.0,4.0,22132.0
710,Nissan,Red,176775.0,4.0,11816.0
711,BMW,Black,199775.0,5.0,16671.0
712,Nissan,White,223469.0,4.0,0.0
713,Honda,Green,102164.0,3.0,3235.0
714,Honda,White,16720.0,4.0,
715,BMW,Red,,5.0,19774.0
716,Toyota,White,27102.0,4.0,6660.0
717,Toyota,Green,234977.0,4.0,0.0
718,Toyota,Blue,61792.0,4.0,13319.0
719,Honda,Blue,167978.0,4.0,6461.0
720,BMW,White,230147.0,5.0,4970.0
721,BMW,White,102051.0,5.0,23227.0
722,Honda,Black,56381.0,4.0,15972.0
723,Toyota,Blue,211109.0,4.0,0.0
724,Honda,Red,156505.0,3.0,7012.0
725,Nissan,White,85712.0,,30490.0
726,Toyota,White,227517.0,4.0,0.0
727,Honda,Blue,89822.0,4.0,17931.0
728,Honda,White,91809.0,3.0,27539.0
729,Honda,White,231913.0,4.0,0.0
730,Honda,Black,97425.0,,26301.0
731,Toyota,Red,118379.0,4.0,14167.0
732,Toyota,White,159993.0,4.0,9830.0
733,,Black,39598.0,4.0,22381.0
734,Toyota,Blue,131966.0,4.0,14130.0
735,Honda,Green,183101.0,4.0,7106.0
736,Honda,Blue,75897.0,4.0,17709.0
737,Toyota,White,111132.0,4.0,5921.0
738,Honda,White,180376.0,4.0,9145.0
739,BMW,White,134907.0,5.0,25078.0
740,Honda,Blue,161399.0,4.0,9123.0
741,Nissan,Green,245047.0,4.0,0.0
742,Honda,White,51794.0,3.0,6046.0
743,Nissan,Blue,117936.0,4.0,10219.0
744,BMW,White,115427.0,5.0,30918.0
745,Toyota,Green,218410.0,4.0,0.0
746,Nissan,White,221286.0,4.0,0.0
747,Toyota,,18090.0,4.0,29092.0
748,Honda,Blue,200550.0,4.0,0.0
749,Nissan,Black,,4.0,11099.0
750,BMW,Black,218479.0,4.0,4601.0
751,Nissan,Red,226576.0,4.0,0.0
752,Honda,White,179462.0,4.0,9237.0
753,Toyota,Blue,,4.0,11696.0
754,Toyota,Black,85293.0,4.0,6244.0
755,,Green,70468.0,4.0,17348.0
756,Nissan,White,133295.0,4.0,11900.0
757,Honda,Black,161600.0,4.0,4657.0
758,Nissan,Blue,235990.0,4.0,0.0
759,Honda,Blue,187062.0,4.0,3013.0
760,Nissan,White,24610.0,4.0,11779.0
761,BMW,Blue,198544.0,5.0,13138.0
762,Toyota,Blue,38471.0,4.0,18918.0
763,Toyota,White,197220.0,4.0,4153.0
764,Honda,White,57088.0,4.0,20428.0
765,Toyota,White,193120.0,4.0,8146.0
766,Toyota,White,189440.0,4.0,8587.0
767,Honda,White,,4.0,2361.0
768,BMW,Blue,203583.0,5.0,9729.0
769,Honda,,41717.0,4.0,14637.0
770,Toyota,White,62672.0,4.0,8479.0
771,Toyota,Blue,36191.0,4.0,32380.0
772,Toyota,Blue,41074.0,,11622.0
773,Honda,White,236255.0,4.0,0.0
774,Nissan,Blue,187267.0,4.0,9677.0
775,Honda,White,205589.0,4.0,0.0
776,Nissan,Blue,208634.0,4.0,0.0
777,Toyota,Blue,34744.0,4.0,18793.0
778,Nissan,White,60418.0,4.0,14608.0
779,Honda,Green,26854.0,4.0,6245.0
780,Toyota,Green,78306.0,4.0,35814.0
781,Toyota,Blue,39674.0,4.0,15270.0
782,Nissan,,53660.0,4.0,21355.0
783,Nissan,Green,143162.0,4.0,13375.0
784,Toyota,White,156213.0,4.0,7904.0
785,Toyota,White,78394.0,4.0,34632.0
786,Honda,Blue,57463.0,4.0,24641.0
787,Toyota,Red,169842.0,4.0,5647.0
788,BMW,Black,156492.0,4.0,21688.0
789,Honda,White,249584.0,4.0,
790,Nissan,White,157318.0,4.0,10875.0
791,Honda,Blue,44947.0,4.0,10830.0
792,Toyota,White,197758.0,4.0,3426.0
793,Nissan,Blue,174200.0,4.0,2159.0
794,Toyota,White,41086.0,4.0,17255.0
795,Toyota,Blue,66492.0,4.0,7908.0
796,Honda,White,139744.0,4.0,13756.0
797,Honda,Blue,234890.0,4.0,0.0
798,,Red,207114.0,4.0,0.0
799,Honda,Black,209237.0,4.0,0.0
800,Honda,Blue,15027.0,3.0,5091.0
801,Toyota,Red,185173.0,4.0,12924.0
802,Honda,Blue,114079.0,4.0,9945.0
803,Toyota,White,10712.0,4.0,28280.0
804,BMW,White,111444.0,5.0,20054.0
805,Nissan,,206184.0,,
806,Honda,White,43738.0,4.0,5903.0
807,Nissan,Blue,117564.0,4.0,7525.0
808,Toyota,White,145253.0,4.0,6494.0
809,Nissan,White,155054.0,4.0,2306.0
810,BMW,Blue,227568.0,5.0,9497.0
811,Honda,White,225435.0,3.0,0.0
812,Honda,White,210123.0,3.0,0.0
813,Nissan,Red,212435.0,4.0,0.0
814,BMW,White,38210.0,5.0,15136.0
815,BMW,Blue,132913.0,5.0,20231.0
816,BMW,Blue,222885.0,5.0,5244.0
817,Toyota,Green,84033.0,4.0,19781.0
818,Toyota,White,148625.0,4.0,12353.0
819,Toyota,White,149718.0,4.0,4436.0
820,Toyota,Blue,166467.0,4.0,12462.0
821,Honda,Red,18735.0,4.0,13143.0
822,Nissan,Black,52430.0,4.0,11749.0
823,Nissan,Blue,183509.0,4.0,5274.0
824,Honda,Black,15350.0,4.0,21015.0
825,Nissan,Blue,240465.0,4.0,0.0
826,BMW,Blue,63154.0,5.0,35592.0
827,Nissan,White,217547.0,4.0,0.0
828,Toyota,Blue,154610.0,4.0,10831.0
829,Toyota,White,,4.0,22084.0
830,Honda,White,135383.0,4.0,
831,Toyota,White,45794.0,,9529.0
832,Toyota,Black,91973.0,4.0,30415.0
833,Nissan,Green,122385.0,4.0,9788.0
834,BMW,Black,223504.0,5.0,
835,Toyota,Blue,115273.0,4.0,7344.0
836,Toyota,Green,66542.0,4.0,34908.0
837,Honda,Black,143492.0,4.0,2816.0
838,Toyota,Blue,134996.0,4.0,5311.0
839,Toyota,Blue,139425.0,4.0,14628.0
840,Nissan,White,55362.0,4.0,31702.0
841,Toyota,White,241797.0,4.0,0.0
842,Toyota,White,189452.0,4.0,5982.0
843,Honda,Black,168941.0,3.0,7822.0
844,Nissan,Blue,205819.0,4.0,0.0
845,Honda,Black,142614.0,4.0,15312.0
846,Nissan,White,164420.0,4.0,11118.0
847,Toyota,White,,4.0,16493.0
848,Honda,Green,31560.0,3.0,23177.0
849,Honda,White,112019.0,4.0,7063.0
850,Honda,Red,33129.0,4.0,13533.0
851,BMW,White,155328.0,5.0,13058.0
852,Toyota,White,139485.0,4.0,16930.0
853,BMW,Black,142433.0,5.0,18538.0
854,Honda,White,99884.0,4.0,17369.0
855,Toyota,White,134622.0,4.0,13247.0
856,Honda,,93846.0,4.0,26317.0
857,Nissan,Blue,137052.0,4.0,6596.0
858,Toyota,White,132144.0,4.0,
859,Toyota,Blue,82149.0,4.0,21655.0
860,,,109902.0,5.0,27734.0
861,Toyota,Red,65628.0,4.0,7042.0
862,Toyota,Blue,72682.0,4.0,18439.0
863,Toyota,Red,93615.0,4.0,35134.0
864,Nissan,White,,4.0,14658.0
865,Toyota,White,39533.0,4.0,23986.0
866,Honda,Blue,196703.0,4.0,4249.0
867,Honda,Blue,115844.0,3.0,16406.0
868,,White,28521.0,4.0,23545.0
869,Toyota,Blue,27183.0,4.0,26735.0
870,Honda,Black,33053.0,4.0,12650.0
871,Nissan,,99179.0,4.0,23298.0
872,Honda,Black,142829.0,3.0,
873,Toyota,White,148657.0,4.0,16276.0
874,Toyota,White,63330.0,4.0,
875,Toyota,White,21564.0,,
876,Honda,Blue,35362.0,4.0,26908.0
877,Toyota,Red,33774.0,4.0,7093.0
878,Toyota,Blue,240913.0,4.0,0.0
879,Toyota,Blue,151975.0,4.0,7366.0
880,BMW,White,140562.0,5.0,9408.0
881,,Red,139525.0,5.0,26622.0
882,BMW,Blue,31725.0,5.0,23666.0
883,BMW,White,34863.0,5.0,25782.0
884,Honda,Red,52689.0,3.0,26075.0
885,Honda,Black,71612.0,3.0,10025.0
886,Nissan,Green,147737.0,4.0,18081.0
887,Honda,Red,221685.0,3.0,0.0
888,Toyota,White,215845.0,4.0,0.0
889,BMW,White,165113.0,4.0,10706.0
890,Toyota,Green,49857.0,4.0,22441.0
891,Toyota,Red,205131.0,4.0,0.0
892,Honda,Red,127076.0,,15188.0
893,BMW,Blue,208764.0,4.0,8553.0
894,Honda,White,145231.0,4.0,5740.0
895,Honda,Green,147586.0,4.0,9259.0
896,Nissan,White,,4.0,13915.0
897,BMW,Blue,144227.0,4.0,31044.0
898,Toyota,Blue,243633.0,4.0,0.0
899,BMW,Green,109633.0,5.0,32704.0
900,Honda,Red,200676.0,4.0,0.0
901,Nissan,Green,15194.0,4.0,11248.0
902,Nissan,White,95718.0,4.0,27815.0
903,Toyota,Green,177659.0,4.0,7172.0
904,Toyota,White,151979.0,4.0,6182.0
905,Toyota,White,,4.0,27230.0
906,Honda,Blue,217642.0,4.0,0.0
907,Toyota,White,,4.0,6980.0
908,Honda,Blue,,4.0,10610.0
909,Honda,Red,156787.0,4.0,7802.0
910,Nissan,Blue,63695.0,4.0,9885.0
911,Toyota,Red,12161.0,4.0,19379.0
912,Honda,White,248817.0,4.0,0.0
913,Nissan,White,133868.0,4.0,8700.0
914,Toyota,White,,4.0,6293.0
915,Honda,White,149347.0,4.0,14478.0
916,Nissan,White,236294.0,4.0,0.0
917,Toyota,Blue,165561.0,4.0,
918,Toyota,White,118145.0,4.0,19348.0
919,Toyota,Green,9990.0,4.0,29782.0
920,Toyota,White,177762.0,4.0,9488.0
921,Nissan,Blue,104344.0,4.0,8127.0
922,BMW,Blue,69150.0,5.0,21354.0
923,Toyota,White,91896.0,4.0,26531.0
924,Toyota,White,80601.0,4.0,8926.0
925,,White,,4.0,12133.0
926,Honda,White,240318.0,4.0,0.0
927,Toyota,White,126458.0,4.0,10375.0
928,Toyota,Blue,63120.0,4.0,10583.0
929,Honda,Blue,231396.0,4.0,0.0
930,Toyota,Blue,153216.0,4.0,12749.0
931,Honda,Blue,242489.0,4.0,0.0
932,Toyota,Blue,169748.0,4.0,9481.0
933,Toyota,Blue,65457.0,4.0,19184.0
934,Honda,White,166051.0,4.0,4008.0
935,Nissan,Blue,235659.0,4.0,0.0
936,Nissan,Green,78853.0,4.0,18992.0
937,Nissan,White,195153.0,4.0,10368.0
938,Honda,Blue,124127.0,,13478.0
939,Honda,Blue,174533.0,4.0,6875.0
940,Toyota,Black,14208.0,4.0,
941,Toyota,White,44938.0,4.0,33181.0
942,Honda,White,245584.0,3.0,0.0
943,Honda,Black,239458.0,3.0,0.0
944,Toyota,Blue,246302.0,4.0,0.0
945,Honda,White,17233.0,4.0,19226.0
946,Toyota,Black,41291.0,4.0,12082.0
947,Honda,Black,178646.0,4.0,
948,Toyota,Black,66243.0,4.0,22116.0
949,Honda,White,245015.0,4.0,0.0
950,Nissan,Red,151821.0,4.0,5225.0
951,Toyota,Red,128749.0,4.0,13367.0
952,Nissan,White,112737.0,4.0,
953,Toyota,White,229657.0,4.0,0.0
954,Toyota,Green,28287.0,4.0,15648.0
955,BMW,,83094.0,5.0,26638.0
956,Toyota,Blue,25563.0,4.0,17261.0
957,Toyota,,127076.0,4.0,3857.0
958,Honda,Blue,20558.0,4.0,5411.0
959,Nissan,White,217187.0,4.0,
960,Toyota,White,,4.0,14923.0
961,Nissan,White,98043.0,4.0,24004.0
962,Toyota,Blue,228465.0,4.0,0.0
963,Nissan,Green,176555.0,4.0,6361.0
964,Toyota,White,191883.0,4.0,6647.0
965,Honda,White,66704.0,4.0,17395.0
966,Nissan,White,177848.0,4.0,3128.0
967,Toyota,Green,207191.0,4.0,0.0
968,Toyota,White,235080.0,4.0,
969,BMW,White,15549.0,5.0,41115.0
970,Nissan,Red,76041.0,4.0,5609.0
971,Toyota,White,170739.0,4.0,4418.0
972,Toyota,Red,,4.0,7081.0
973,Nissan,White,169719.0,4.0,10483.0
974,,Red,221178.0,4.0,0.0
975,Honda,,221177.0,4.0,0.0
976,Honda,White,121541.0,3.0,8643.0
977,BMW,White,157904.0,5.0,7256.0
978,Nissan,White,95407.0,4.0,9082.0
979,Honda,Red,248452.0,4.0,0.0
980,Toyota,White,60651.0,4.0,15496.0
981,Toyota,White,88606.0,4.0,29144.0
982,Nissan,White,99551.0,4.0,28491.0
983,BMW,Blue,,5.0,9476.0
984,Toyota,White,21446.0,4.0,13150.0
985,,Black,189433.0,4.0,3952.0
986,Toyota,Blue,132334.0,4.0,6055.0
987,Honda,White,226115.0,4.0,0.0
988,Nissan,White,64521.0,4.0,30687.0
989,Honda,Black,187146.0,3.0,3432.0
990,Honda,Black,128936.0,4.0,14457.0
991,BMW,White,237781.0,5.0,7809.0
992,Honda,White,57900.0,4.0,20966.0
993,Toyota,Blue,42766.0,4.0,10321.0
994,Nissan,White,248529.0,4.0,0.0
995,Toyota,Blue,122689.0,4.0,17305.0
996,,Blue,30819.0,4.0,24655.0
997,Toyota,White,171308.0,4.0,9385.0
998,Honda,Blue,146636.0,4.0,13322.0
999,Nissan,White,37774.0,4.0,10990.0
